{"A": {"nrows": 3, "ncols": 4, "data": [0.8664507264366117, 0.8711172185977024, 0.8388579010345589, 0.3385954863376641, 0.5755175536659002, 0.18678610650634497, 0.05276305229332012, 0.670699458779274, 0.1971662046816679, 0.9988933959766749, 0.6228840826224107, 0.6773445844538808]}, "B": {"nrows": 4, "ncols": 3, "data": [0.5966599094269356, 0.806899427629966, 0.28363432482428075, 0.738604444938575, 0.7320805344250513, 0.8616089381122172, 0.6568308929811251, 0.09722808436751229, 0.7231867338381839, 0.8842057816391085, 0.23461916011957917, 0.3070971071838128]}}