{"A": {"nrows": 3, "ncols": 4, "data": [0.7738519901601882, 0.46079069566009123, 0.3819576429081979, 0.865063931656427, 0.03541223331947685, 0.8197607758610733, 0.3723910899150765, 0.5105195087038507, 0.23735969527766954, 0.920774445096691, 0.8994533685408502, 0.7333171975012253]}, "B": {"nrows": 4, "ncols": 3, "data": [0.38365406725487217, 0.018324443407224056, 0.12031994994087536, 0.8043099653426251, 0.2579675332651864, 0.8171607622180366, 0.07319225751531266, 0.8832026837869531, 0.2825966315327043, 0.5143676692511765, 0.9844820149348573, 0.029034914270138046]}, "C": {"nrows": 3, "ncols": 3, "data": [1.1404272723738598, 1.3220353439042891, 0.6027069091741613, 0.9627786829143867, 1.043614659305487, 0.7941964963706201, 1.2746797547935167, 1.758216617817369, 1.0564541481725465]}, "Ct": {"nrows": 3, "ncols": 3, "data": [1.1404272723738598, 0.9627786829143867, 1.2746797547935167, 1.3220353439042891, 1.043614659305487, 1.758216617817369, 0.6027069091741613, 0.7941964963706201, 1.0564541481725465]}, "Cinv": {"nrows": 3, "ncols": 3, "data": [2.3899581811782253, 2.74085686686333, -3.4239282749816553, 0.03892192538311649, -3.5507206442394836, 2.647073123558146, -2.9484142683761068, 2.6023100838850204, 0.6723283739244068]}, "D_det": -33.97884397466402, "D_norm": 7.905942775568447}